{"cameraMode":{"drawMode":0,"name":"Shaded","section":"Shading Mode"},"sceneLighting":true,"audioPlay":false,"sceneViewState":{"m_AlwaysRefresh":false,"showFog":true,"showSkybox":true,"showFlares":true,"showImageEffects":true,"showParticleSystems":true,"showVisualEffectGraphs":true,"m_FxEnabled":true},"in2DMode":false,"pivot":{"x":-0.0010170936584472657,"y":1.9163856506347657,"z":10.010170936584473},"rotation":{"x":0.023388534784317018,"y":0.025190332904458047,"z":-0.000589515722822398,"w":0.9994091391563416},"size":2.5398507118225099,"orthographic":true}